x,y,z
27.2832393646,5.8945775032,11.78840065
-56.1534767151,-54.8666915894,66.6771316528
-55.6194343567,-55.8552360535,67.5347595215
28.7844352722,23.4761257172,-31.5222301483
-54.3965415955,-49.8037757874,75.3167800903
24.6208438873,-25.8379650116,51.6684837341
37.7577018738,7.32457065582,65.3906707764
29.5677337646,-9.54287528992,19.0783100128
27.4660606384,6.58644247055,12.6460390091
10.7421512604,-41.6586608887,-23.8035068512
10.7421512604,13.7860822678,-22.9458694458
-52.5070266724,-54.5687828064,75.2534790039
19.3185176849,-16.4039669037,-3.4804930687
-51.4409942627,-56.6100692749,60.6735267639
10.3329486847,16.6150341034,-17.8000526428
-51.024772644,-55.5834465027,65.7985534668
-50.5788383484,-58.428150177,58.6271743774
29.0409641266,-1.82415187359,0.639131605625
10.7421512604,-24.1226959229,-13.1311035156
10.7421512604,15.328576088,-11.9369220734
-49.8302688599,-55.354724884,68.8565292358
-49.2923927307,-56.3825492859,61.5313034058
29.1813373566,-1.39533269405,0.327618151903
-49.1311912537,-59.7145996094,63.2465820312
-48.8635673523,-56.9746513367,75.2534790039
16.7663269043,-41.7042350769,-47.8173217773
-48.4347496033,-57.1416893005,69.9809799194
-48.109703064,0.319943189621,59.3872146606
-48.2402381897,-56.2885475159,64.1033477783
19.0044498444,-34.8431434631,9.21549224854
-47.5771141052,-61.5523529053,61.5313034058
-47.9685668945,-55.6325073242,69.7282409668
-47.1482963562,2.46403193474,58.5919265747
29.3013134003,-12.9734201431,37.0886764526
10.6848974228,-10.4005126953,1.9255822897
-46.7194786072,1.60639381409,61.4017181396
-46.7194786072,-58.6500320435,72.6805801392
-46.2906608582,-2.41395759583,60.2448654175
27.346364975,9.32512283325,17.7918605804
-45.8618431091,-56.9261169434,59.3872146606
29.6101551056,-18.1192378998,40.7664680481
10.7421512604,32.7243804932,7.92904233932
18.8896999359,-24.2188606262,-39.2409591675
-45.5987167358,-59.2857894897,73.5382080078
19.3185176849,18.1684150696,34.5157623291
-45.0042037964,-62.1566848755,61.1024932861
19.3121089935,-21.5497817993,39.6615753174
-45.4005279541,-49.8351974487,82.1187820435
-44.5753860474,-58.428150177,58.551158905
10.7421512604,18.3303050995,24.0626335144
6.92400169373,17.0438518524,-26.8052330017
25.7507915497,15.2450151443,-32.8086853027
-44.5424079895,5.46575832367,59.816028595
-44.1465682983,-62.1134223938,65.819480896
-44.1465682983,-55.4264221191,76.6670227051
7.31161212921,31.9609699249,-24.6611461639
7.31161212921,16.5231971741,-24.2323188782
10.7421512604,25.0556354523,44.8074073792
-43.9352989197,-53.7111434937,79.5416564941
19.3185176849,25.327091217,66.6771316528
19.3185176849,24.0251808167,68.8212203979
7.31161212921,-21.2143630981,-21.6594181061
39.2557373047,-4.82587862015,56.8143119812
10.7421512604,-31.4126014709,50.0952682495
45.0476074219,-2.25296449661,0.732673168182
-42.8601150513,1.60639381409,63.0131187439
10.7421512604,-34.0558013916,53.8125724792
24.8931522369,24.2479534149,59.3872146606
45.4764251709,-3.11060237885,-6.34198045731
-42.4313011169,5.8945775032,60.8896331787
10.3133382797,-20.1796550751,28.5123100281
25.7507915497,-16.4039669037,6.42976379395
-42.4312286377,-50.2742271423,82.1145858765
19.3185176849,-9.54287528992,87.0449066162
-42.0024795532,-62.6567840576,62.8177680969
45.4764251709,-1.06246435642,-6.22196006775
17.6032428741,-20.6009349823,32.8004989624
-41.5736618042,-1.70306348801,55.0990371704
-41.5736618042,-62.6032371521,60.6736755371
-41.5736618042,-62.4793777466,64.9618606567
-41.5736618042,-51.574848175,75.6822967529
-41.5736618042,56.1899185181,81.256942749
-41.1448440552,5.46575832367,56.4689788818
-41.1448440552,-62.8231658936,62.3889541626
-41.1751670837,-52.4246940613,69.2500305176
-41.1448440552,-58.0261497498,76.9687652588
-41.1042823792,52.9645652771,82.0387954712
10.7421512604,-14.2598772049,86.1464004517
7.31161212921,-20.3923282623,-7.50841712952
45.4764251709,-5.81674575806,-4.07787084579
10.7421512604,-8.2564239502,89.4297103882
-40.2872047424,-2.97134757042,55.0990371704
-40.2872047424,-7.15952968597,60.6736755371
10.3133382797,18.3303050995,-52.6241340637
19.7473373413,15.5841464996,-42.6715049744
19.7473373413,15.5674686432,-41.3850440979
18.706949234,19.1879425049,21.6512184143
-39.8583908081,-2.31577682495,63.2465820312
11.1709699631,25.1913948059,-53.061340332
11.1709699631,-42.5618743896,-52.8953323364
-39.8184013367,48.766960144,88.2038803101
11.1709699631,-27.7941493988,-51.2478675842
-39.7911758423,-0.966513812542,64.1042327881
-39.4295730591,-50.9958152771,73.5382080078
-39.4295730591,-51.7199821472,79.5416564941
-39.3540840149,49.1911811829,88.6589202881
19.497127533,-39.9889602661,-30.2357711792
-39.0007553101,-62.7826766968,64.5330429077
26.7344055176,28.1931190491,-34.0951423645
-39.0007553101,57.9503593445,79.1128463745
-39.126033783,49.6697921753,88.6896591187
19.7473373413,33.0742797852,-25.5187778473
-38.9776992798,-1.82415187359,64.1042327881
-38.5719299316,58.639213562,71.4245071411
18.8896999359,-22.040473938,23.7953071594
11.1709699631,-39.004776001,-39.6697731018
19.7473373413,-39.2796058655,-20.8017807007
53.195148468,-0.955408215523,-6.22196006775
-38.1431159973,-61.4909744263,70.1076812744
25.7507915497,-25.3093185425,8.35785388947
7.31161212921,-2.25296449661,5.52326154709
-37.7142982483,4.68704223633,55.9566612244
27.4660606384,-15.2731666565,37.0886764526
-37.7142982483,-51.5670509338,67.0462417603
-37.7142982483,-59.8118400574,75.2534790039
-37.7142982483,-55.4264221191,79.6888580322
-37.2854766846,3.75048875809,54.5862350464
11.1709699631,-20.8160305023,-29.3781414032
-37.2854766846,-62.3226203918,65.819480896
-37.2854766846,61.999835968,72.6805801392
19.7224884033,24.7625751495,-13.5118703842
24.623840332,21.3320293427,68.8212203979
-36.8566627502,-57.1416893005,58.7487106323
-36.8566627502,-6.11232948303,63.4528427124
11.1709699631,-41.4965209961,-22.9458694458
11.1709699631,-21.4249038696,-21.2305927277
7.31161212921,-28.4108753204,15.575917244
-36.4278450012,2.89285063744,54.5524215698
-36.4278450012,-8.22448730469,60.6736755371
-36.4278450012,-1.39533269405,65.7832641602
11.1709699631,32.3010253906,-14.3695087433
29.9148139954,0.319943189621,13.9324951172
-36.6708335876,53.9222145081,85.1163024902
29.7523002625,-3.9682404995,14.7901268005
-35.9990234375,7.60985326767,62.0917205811
19.7473373413,-20.8849964142,-6.22196006775
-35.9990234375,62.4985809326,73.1500320435
57.1172904968,-3.53942155838,-8.36604881287
37.0519294739,7.60985326767,50.3820457458
-35.5702018738,-7.99599790573,59.3872146606
11.1709699631,-39.8228302002,-3.6490521431
-35.5702018738,0.319943189621,67.6520004272
-35.5702018738,62.1752510071,74.3958587646
-35.5766105652,54.3989486694,79.5419998169
-35.1413879395,-1.88092601299,54.2414131165
-35.1413879395,-52.8535118103,59.4511413574
-35.1413879395,-4.39705991745,64.1232223511
19.7473373413,-12.1157827377,0.423543155193
30.038974762,-5.6835103035,18.4973430634
11.1709699631,0.958836138248,4.92730903625
30.038974762,-8.2564239502,19.0725021362
-34.9422721863,-52.8535118103,58.529586792
-34.8457069397,-51.1382331848,62.8177680969
-34.7125701904,3.45979356766,67.1059494019
-34.7125701904,62.4477653503,70.9653091431
27.4660606384,-22.2082977295,46.0938453674
-34.7125701904,55.1052627563,82.9722137451
-34.2929801941,-51.5670509338,56.3855018616
-34.2837524414,-56.2840614319,59.0004196167
11.1709699631,-25.2157554626,20.3647689819
7.31161212921,-26.5474815369,43.0921287537
-34.2837524414,-49.7799682617,70.536491394
25.5420589447,-21.5497817993,10.0731306076
19.7473373413,21.3320293427,14.5863847733
11.1709699631,-20.4496135712,31.5140361786
-34.0990409851,-54.9975967407,57.6719398499
11.1709699631,-21.120967865,36.2399215698
30.038974762,-12.0011672974,28.9411334991
11.1709699631,-24.1730041504,40.5192260742
37.6181488037,-0.108875826001,70.536491394
-34.0921592712,53.9222145081,76.5399398804
-33.8549308777,55.8596801758,82.5434036255
19.7473373413,-20.0899085999,29.3699474335
7.31161212921,40.1486282349,51.6684837341
10.9223527908,35.0542106628,49.0955848694
-33.6622886658,4.17930793762,67.9635696411
25.5307426453,-21.120967865,10.930768013
-33.4261131287,-6.96996736526,72.1264724731
17.1744308472,12.5477218628,-31.9510478973
19.7473373413,-25.6678333282,42.663318634
25.507566452,-20.692150116,11.35958004
-32.9972953796,8.80340194702,60.2448654175
-32.9972953796,-48.7871246338,65.3906707764
-33.371761322,60.7833023071,68.3924102783
-32.9972953796,-2.25296449661,70.3374099731
29.3125782013,-4.39705991745,3.21203923225
17.6032428741,24.0609073639,69.2500305176
-32.5684776306,-2.05442404747,52.526134491
19.7473373413,-28.4108753204,64.4100494385
-32.5684776306,-59.9925575256,61.5313034058
-32.5684776306,-60.6933631897,66.6771316528
-32.5684776306,62.0697555542,68.8494873047
25.5045948029,14.8997573853,12.6460390091
11.1709699631,-19.8345108032,79.6637802124
17.1744308472,-41.1412162781,-28.9493236542
-32.1396560669,-2.55013275146,52.526134491
-32.1396560669,-57.9993247986,57.1545600891
7.31161212921,23.0473060608,72.8935165405
-32.1396560669,-47.6390838623,66.6771316528
11.1709699631,-6.11232948303,90.1001815796
-32.1396560669,7.76073789597,71.3941192627
7.31161212921,-21.120967865,76.4540405273
34.9759902954,12.3268489838,50.3820457458
-31.9543704987,-2.25296449661,52.0972938538
17.1744308472,-22.5842094421,-28.0916862488
-31.7108440399,-60.0500793457,61.9601173401
18.8896999359,18.2395915985,33.6581230164
-31.7108440399,55.0628242493,69.6788482666
19.7473373413,0.748762190342,88.3434295654
-32.1259460449,-57.5705108643,74.8246688843
-31.931810379,57.3527603149,82.1145858765
-31.2820262909,0.319943189621,51.1728057861
11.5997896194,18.5931510925,-46.9596862793
-31.2820262909,-60.3760757446,60.6736755371
20.1761550903,22.189666748,-52.9182662964
11.5997896194,19.1879425049,-45.4081115723
34.9891357422,-17.2616062164,51.6684837341
11.4201126099,20.4743976593,-44.3867759705
11.3431720734,-27.553237915,-43.5291366577
-31.4031162262,-20.692150116,95.4079284668
-30.8532047272,-54.5687828064,54.376750946
11.4162979126,-26.2667827606,-41.3850440979
7.74042510986,-31.4126014709,-53.6003189087
-30.8532047272,61.8321647644,68.3924102783
-30.8532047272,8.68329715729,71.3941192627
-30.8532047272,-3.9682404995,72.8640213013
-31.1185722351,51.3493080139,79.5416564941
-30.8532047272,49.0407218933,89.4044799805
30.038974762,12.8538236618,77.3975753784
20.0397644043,-24.5515117645,-35.3815956116
20.1761550903,12.8497781754,-33.6663246155
-30.4243907928,-8.62781715393,63.2465820312
-30.4243907928,59.9256668091,66.903465271
-30.4243907928,8.63888168335,70.536491394
-30.7151546478,-2.68178367615,72.6805801392
-30.4243907928,-54.5687828064,73.9245910645
7.74346876144,40.0942802429,-52.532497406
19.8748226166,-39.5601463318,-28.0916862488
25.7507915497,-15.7501850128,20.793586731
7.74042510986,18.8596229553,-51.2478675842
11.5997896194,-41.7157249451,-20.8017807007
-29.9955711365,7.60985326767,59.6286773682
7.74042510986,18.8545608521,-50.3902359009
29.1813373566,-5.71671199799,7.07140398026
-29.9955711365,3.75048875809,72.0946502686
-30.3405075073,2.0352127552,73.5382080078
24.8931522369,6.7522149086,84.1167221069
11.5997896194,-22.8362388611,-11.5437850952
-30.168088913,-11.2581501007,89.4044799805
-29.9955711365,-21.120967865,94.7715530396
-29.5667514801,-49.2653503418,53.3837585449
-29.5667514801,6.11605072021,57.6719398499
-29.5667514801,-61.4298744202,63.003944397
-29.9480075836,55.2086639404,66.6771316528
28.7525177002,-18.9768733978,40.7425193787
20.1761550903,28.6219406128,-17.2436981201
-29.8211364746,0.748762190342,75.2534790039
20.1761550903,25.6202144623,-16.3196201324
-29.8710708618,-10.4005126953,87.6892089844
11.5997896194,34.3833236694,1.49676966667
37.2210922241,-8.68523693085,67.9635696411
19.8436012268,24.3337574005,-13.9406890869
-29.1379318237,-61.5419883728,63.2465820312
-29.4686698914,-9.11405563354,67.1059494019
30.2547492981,20.9032096863,-36.6680488586
11.5997896194,-38.0874862671,7.07140398026
7.74042510986,-40.8466033936,-43.605381012
-29.1290359497,50.9209671021,81.7016601562
-29.1379318237,11.6671066284,85.9739532471
19.8098506927,-23.6938762665,-7.07959794998
-29.1379318237,-17.2616062164,92.7330245972
25.7507915497,-16.6064872742,31.0852241516
27.1371803284,19.1879425049,72.6805801392
-28.7091178894,-46.0034866333,60.6736755371
18.8896999359,-24.479724884,41.8056640625
7.5586771965,-34.4143257141,-39.2409591675
7.74042510986,-36.4895820618,-38.8121414185
30.2923603058,2.0352127552,11.35958004
-28.7091178894,61.4313163757,77.3975753784
-28.7091178894,-11.1015987396,84.6874923706
27.0609016418,-18.5480537415,75.2534790039
-28.7091178894,-16.4286251068,91.9774093628
30.3401947021,-1.82415187359,13.5036773682
-28.2802963257,3.53222942352,53.3837585449
-28.2802963257,-46.6223678589,58.1007766724
-28.2802963257,-10.829331398,63.6535873413
-28.2802963257,53.4056015015,67.5347595215
-28.2802963257,-44.2771492004,71.1271743774
-28.2802963257,52.2755622864,73.967048645
-28.3237094879,-6.96996736526,76.9687652588
-28.2422676086,50.1946907043,82.6038894653
-28.2802963257,49.2052078247,85.9183883667
20.1761550903,3.32166981697,5.22921180725
-28.5982341766,-19.8345108032,93.6926651001
27.4660606384,15.1388483047,77.826385498
11.2052965164,-31.8414173126,60.2448654175
-27.8514785767,-8.32981204987,60.2448654175
-27.8514785767,-11.5059957504,64.9618606567
-27.8514785767,-10.7507228851,67.9635696411
-27.8514785767,-44.959438324,71.8229293823
-27.8514785767,62.5673370361,74.3958587646
-27.8514785767,-2.68178367615,77.2534179688
30.1874370575,6.32339668274,20.3647689819
-27.852016449,53.3787078857,86.4027709961
20.1761550903,-23.5746479034,19.9359474182
18.0320625305,23.4761257172,-52.8963737488
-27.4226589203,-49.8517799377,52.3940925598
7.4044508934,16.186214447,-25.5187778473
-27.4226589203,-8.31881427765,60.2448654175
-27.4226589203,-10.5220346451,62.8177680969
-27.4226589203,-62.0382156372,65.3906707764
20.1761550903,-19.1431121826,34.9445877075
10.3133382797,-44.2771492004,-44.3437347412
20.1761550903,-21.120967865,39.4745063782
46.7628860474,-3.9682404995,-6.43335008621
-27.7130393982,9.75394248962,82.5434036255
-27.4292201996,53.9498939514,85.5768737793
-27.4226589203,14.6580410004,89.8333206177
-27.4226589203,-11.9599714279,93.6926651001
-27.4226589203,-17.2616062164,96.9367218018
7.74042510986,17.6443805695,-18.6576843262
26.8077545166,17.4726715088,-28.9493236542
-26.9938430786,-62.0617408752,62.3889541626
-26.9938430786,-44.5412597656,64.9618606567
25.2826862335,-24.9803295135,-52.5343208313
38.0279960632,2.89285063744,49.5243988037
-26.9938430786,-50.2805976868,74.1477508545
30.4677867889,-11.2581501007,37.65599823
20.0686149597,22.189666748,73.967048645
-26.9938430786,56.9239387512,83.6141433716
12.0286083221,-26.2667827606,-45.0870513916
27.383184433,5.8945775032,83.4010238647
17.1314277649,29.4795722961,-16.084777832
12.0286083221,-41.7042350769,-42.7213783264
-26.5650234222,-60.5722389221,57.475566864
-26.730796814,53.9222145081,60.6736755371
6.88279342651,-19.8744602203,78.6840362549
30.0505924225,16.6150341034,44.3785934448
-26.5650234222,8.69923973083,70.536491394
-26.5650234222,51.1063423157,73.967048645
27.3058853149,-6.11232948303,84.258682251
38.1865158081,-5.6835103035,50.0448150635
20.1761550903,-0.537694811821,88.3144454956
-26.5650234222,49.3482284546,85.9739532471
-26.5650234222,-15.1175088882,90.0527496338
30.361114502,19.6167602539,51.6684837341
-26.5650234222,-17.2616062164,96.8265075684
25.321969986,-30.8841571808,-50.8190498352
19.3185176849,33.1208343506,-24.6611461639
-26.1362075806,49.2052078247,61.5561218262
20.6049690247,-22.9866104126,-49.1037788391
-26.1362075806,9.44132900238,68.8212203979
-26.1362075806,9.67588996887,72.6805801392
36.042427063,-3.9682404995,-4.11854934692
-26.1362075806,59.9256668091,78.6471786499
-26.1362075806,-2.68178367615,80.0857162476
12.0286083221,-41.9387817383,-18.2288665771
-26.1362075806,52.635761261,86.9913330078
-26.1362075806,-9.54287528992,91.0256729126
35.6928863525,8.89630413055,70.9653091431
25.321969986,-31.4805583954,-49.5325965881
11.685292244,31.6236724854,-12.2254133224
-26.0038375854,54.7798538208,59.816028595
-25.7073879242,57.9307174683,63.2465820312
30.2054691315,18.3303050995,67.5347595215
20.3991966248,-24.9803295135,-34.5239601135
-25.7073879242,-55.4264221191,73.8347015381
-25.7073879242,5.8945775032,77.658203125
20.6049690247,12.8660535812,-31.5222301483
-25.9357528687,-7.8276052475,81.6857528687
-25.7073879242,-7.07777690887,85.9739532471
18.8896999359,12.5110502243,-29.8069591522
-25.7073879242,-20.4518375397,93.6926651001
-25.7073879242,21.3320293427,96.3565673828
20.6049690247,-38.6379508972,-25.0899562836
12.0286083221,7.84376859665,0.210312604904
12.0286083221,-39.6585159302,1.49676966667
30.3885326385,12.7556686401,76.9687652588
-25.2785720825,-60.985458374,68.3924102783
7.74042510986,-24.5638217926,19.0783100128
-25.2785720825,-11.102602005,74.8246688843
-25.2785720825,8.18943595886,79.1128463745
-25.2785720825,58.4162216187,81.256942749
-25.2602825165,11.6336631775,85.5426025391
35.666343689,6.32339668274,72.2517700195
-25.6740989685,12.7556686401,92.4062194824
-25.2785720825,-16.8327846527,96.4572982788
27.8948783875,13.6133069992,-47.2879829407
37.7577018738,-10.452794075,62.8177680969
-24.8497524261,-43.6502571106,61.1024932861
30.4677867889,2.46403193474,81.8039627075
-24.8497524261,-41.4035110474,67.9635696411
20.5665664673,21.3320293427,-8.36604881287
20.6049690247,21.760848999,-8.20390510559
38.1865158081,4.95276546478,51.6684837341
12.0286083221,-20.4594478607,31.9428501129
-24.8497524261,-11.870308876,85.9739532471
-24.8497524261,9.57345294952,88.9756698608
20.507818222,-28.8396911621,-5.36432123184
7.74042510986,21.9155216217,40.5192260742
37.3288764954,-5.6835103035,67.9749221802
20.6049690247,-18.9768733978,-4.73747301102
-24.4209346771,-7.8276052475,60.6578826904
25.7507915497,-22.8362388611,70.1793518066
-24.6717300415,50.0628433228,67.5347595215
11.8186817169,-31.4126014709,52.526134491
-24.4209346771,9.78853034973,74.3958587646
-24.6076946259,6.32339668274,79.9704971313
20.6049690247,-14.7016487122,-0.647325396538
12.0286083221,35.6669006348,57.2431221008
11.8109760284,-31.4126014709,59.3872146606
-24.7337017059,19.1879425049,92.8350296021
11.6399240494,32.052482605,61.9601173401
7.3569483757,38.9135780334,49.0955848694
-23.9921150208,-44.2771492004,57.3178329468
-23.9921150208,-63.0732650757,61.1024932861
-23.9921150208,11.469212532,63.7786216736
27.8948783875,16.651884079,-40.0985908508
30.8966064453,1.86092209816,10.0731306076
-24.0559368134,49.6340332031,74.3958587646
-23.9921150208,2.46403193474,80.2146453857
7.67633485794,40.6288566589,55.9566612244
-23.9921150208,53.0291213989,85.9739532471
12.0286083221,13.1844873428,84.9907302856
-23.8657436371,21.5192909241,93.2935028076
10.3133382797,-39.1970977783,-38.8121414185
18.8896999359,-29.8065853119,60.2448654175
-23.5632991791,-6.11232948303,57.5020980835
-23.5632991791,7.03521108627,61.1024932861
-23.5632991791,-12.7361516953,64.5330429077
10.0704221725,-24.9803295135,-38.3833198547
-23.5840530396,11.0403995514,71.8229293823
-23.8929309845,61.2121162415,74.3958587646
-23.5632991791,2.46403193474,80.3680038452
30.6730136871,-7.39878606796,20.3647689819
-23.7855606079,52.635761261,85.9739532471
12.4574279785,36.843624115,-51.6766853333
7.74042510986,28.1931190491,66.5356292725
30.655210495,6.32339668274,21.6512184143
-23.1344795227,2.89285063744,54.8982925415
-23.1344795227,-43.7769432068,57.2431221008
20.6049690247,-20.8047275543,39.2327651978
-23.1344795227,-42.7009429932,64.5330429077
-23.1344795227,-40.8501243591,68.3924102783
12.4574279785,29.551279068,-44.8155937195
-23.3587741852,-12.5446014404,74.3958587646
12.0659704208,20.4743976593,-43.1003189087
-23.1344795227,1.29054808617,82.1145858765
-23.1344795227,7.43319225311,85.1163024902
-23.4159355164,-18.9768733978,87.6892089844
-23.3442993164,20.0455627441,91.5485458374
-23.4579715729,-16.4039669037,95.4079284668
7.74042510986,-19.1854972839,79.9704971313
-22.7056617737,-59.2857894897,55.8135795593
-22.7056617737,56.4951248169,57.8663444519
12.2319602966,17.0438518524,-35.8104133606
-22.891418457,-41.7042350769,64.9618606567
18.0320625305,12.2542028427,-27.6628723145
-22.7056617737,49.0382423401,71.8229293823
34.8536491394,-14.2598772049,67.9635696411
-22.8728485107,-10.4005126953,80.3993148804
-22.7056617737,7.00006008148,82.5434036255
39.3586502075,1.60639381409,61.1024932861
12.4574279785,32.5112419128,-25.9475955963
-23.0770549774,20.0469341278,91.1194610596
12.4574279785,-21.2953472137,-22.9458694458
-22.2768440247,-57.6207237244,54.2414131165
-22.2768440247,45.435092926,55.9566612244
12.4574279785,32.7575950623,-19.5153217316
12.1393070221,-41.7042350769,-17.8000526428
-22.6963100433,-39.9889602661,64.5330429077
-22.2768440247,60.993850708,68.3924102783
20.6049690247,0.319943189621,87.9661712646
21.033788681,-27.1244182587,-53.6337394714
38.1309623718,-10.4005126953,57.2431221008
27.8865776062,20.9032096863,-28.5205039978
21.033788681,21.760848999,-52.9633636475
-22.2768440247,7.47514200211,85.9739532471
8.16924381256,24.7625751495,-53.0956611633
25.5153236389,1.60639381409,85.5451126099
12.4574279785,13.3327903748,-8.36604881287
8.16924381256,-40.4177856445,-52.7942276001
-22.1064491272,-39.9889602661,58.1007766724
-21.8480262756,59.7175331116,60.2448654175
12.4574279785,33.9930839539,-5.79314041138
12.4574279785,-38.8833465576,-4.50669002533
10.3133382797,-29.6973285675,16.4893054962
-22.0228919983,-13.4022397995,73.1093902588
30.8966064453,-19.6931095123,47.3803100586
12.4574279785,-39.2722396851,-0.218506410718
37.0877113342,-4.82587862015,69.2500305176
27.0372409821,-15.5298480988,35.8022155762
21.033788681,30.022354126,-39.6697731018
12.4574279785,-39.3401184082,2.78322029114
-21.4192066193,49.6340332031,53.211769104
10.3133382797,36.7694892883,59.0112304688
12.4574279785,-3.9682404995,6.01560306549
-21.5803813934,47.0611152649,62.3889541626
-21.4192066193,-39.0898666382,65.819480896
47.541809082,-2.68178367615,-6.65077877045
-21.4192066193,-53.2823257446,72.9715194702
-21.4192066193,-11.9022455215,78.2552261353
34.8791122437,10.1827611923,68.8212203979
-21.498998642,14.0421257019,83.8298721313
30.8966064453,18.5659503937,62.3889541626
8.16924381256,31.446264267,-46.5308647156
-20.9903869629,-51.1382331848,50.2250595093
-21.3041152954,44.9170303345,53.8125724792
-21.2635936737,4.17930793762,56.3855018616
-20.9903869629,-38.3042984009,59.816028595
12.4574279785,-20.4975337982,30.6564102173
-20.9903869629,12.6957378387,67.5347595215
-20.9903869629,12.4964818954,71.3941192627
-20.9903869629,11.7558050156,73.967048645
20.8292999268,-27.9820556641,-21.2305927277
-21.0155735016,5.46575832367,82.5434036255
-20.9903869629,-3.9682404995,84.3799057007
12.4574279785,-27.7404651642,46.0938453674
20.8638362885,17.0438518524,-19.0865039825
-20.7638320923,47.489944458,52.526134491
12.4574279785,-29.2750797272,50.3820457458
-20.5615711212,57.9113044739,57.6719398499
-20.5615711212,-38.3394927979,61.9601173401
21.033788681,28.1931190491,-17.4564552307
-20.9072780609,47.0611152649,69.2500305176
-20.5615711212,-54.5687828064,72.5148010254
-20.5615711212,12.0502624512,76.5399398804
17.1744308472,23.9049434662,-52.8876495361
-20.6668338776,16.1816596985,83.4094848633
27.0372409821,12.7058019638,37.5174942017
-20.5615711212,-15.2126283646,91.119758606
-20.1327533722,-48.565322876,50.0717811584
-20.1327533722,-57.3545227051,54.2414131165
20.6472892761,25.6202144623,-4.93550252914
26.0855884552,25.1913948059,-49.1037788391
-20.1327533722,-63.0025024414,64.5330429077
20.6476020813,27.7643013,-3.22023320198
-20.1327533722,12.6028423309,71.3941192627
-20.1327533722,-14.0137519836,73.967048645
-20.3793067932,14.4709386826,79.5416564941
-19.9614009857,16.8407478333,82.5486450195
-20.1704902649,18.3099155426,85.4984436035
8.16924381256,-21.7654724121,-29.8069591522
-19.7039337158,-50.2805976868,50.2654457092
-19.7039337158,53.493396759,53.4344444275
12.8862466812,33.7677574158,-53.906665802
-19.7039337158,45.937953949,59.816028595
17.1313247681,31.6236724854,-2.36259508133
-19.7039337158,-40.3278503418,67.9635696411
20.8371582031,28.6219406128,4.92730903625
-19.7039337158,12.4403591156,73.967048645
-19.7039337158,-11.9233579636,79.5416564941
-19.7039337158,2.89285063744,83.2437057495
21.033788681,-3.53942155838,6.23477602005
-20.1214637756,17.9014835358,90.2621307373
-19.2751159668,48.347568512,51.2679138184
6.88279342651,8.60865688324,87.2603988647
-19.414932251,58.2103881836,57.2431221008
8.16924381256,33.089805603,-22.9458694458
-19.2751159668,-39.3354415894,65.3906707764
-19.2751159668,-15.2411088943,68.8212203979
12.8862466812,28.6219406128,-44.1857032776
-19.2751159668,-13.8310575485,75.3658905029
-19.2751159668,51.7781219482,79.8496246338
20.8476829529,-21.9785995483,20.793586731
-19.2751159668,-8.2564239502,87.9094772339
-19.6062259674,16.6150341034,90.6909484863
-19.1711387634,44.9170303345,52.526134491
-18.8463001251,2.46403193474,55.2018089294
-18.8463001251,59.0680274963,58.3692016602
18.7729434967,-38.27368927,-41.3850440979
10.3133382797,33.3389358521,62.9622573853
-19.068069458,45.7746696472,70.536491394
-18.8463001251,44.6831703186,72.6805801392
12.8862466812,28.9575691223,-35.3815956116
-18.8463001251,-13.2023391724,82.1145858765
-18.8463001251,-5.76678323746,85.9739532471
-19.1545238495,-12.9734201431,89.4044799805
28.7525177002,20.9940929413,63.6753883362
-18.4174804688,0.748762190342,54.4911804199
-18.4174804688,-61.248336792,57.2431221008
-18.4174804688,-8.96382331848,61.1024932861
-18.4174804688,-39.3462142944,65.3906707764
-18.4174804688,-41.0576705933,68.8212203979
-18.4174804688,-45.9924201965,71.3134765625
-18.4174804688,45.7746696472,74.6849136353
-18.4174804688,55.2945785522,78.6840362549
31.2291278839,5.8945775032,23.7953071594
8.16924381256,-40.9375801086,-4.50669002533
-17.9886646271,-45.9924201965,50.301815033
10.3133382797,-29.436340332,64.5330429077
-17.9886646271,2.89285063744,55.8583602905
-17.9886646271,-7.17201566696,58.9584007263
8.16924381256,-40.6804199219,-0.647325396538
31.2746238708,-8.68523693085,25.5105819702
-18.2532501221,-58.428150177,70.536491394
-17.9886646271,12.9708280563,72.6805801392
20.6172122955,14.0421257019,82.1145858765
-18.2748222351,-12.5446014404,82.1145858765
12.8862466812,13.77821064,-9.22368526459
-18.1498947144,12.7556686401,88.5468597412
-17.5598468781,52.635761261,51.7709999084
12.8862466812,-16.8327846527,-6.71703529358
31.1152229309,8.89630413055,30.6564102173
-17.5598468781,-61.6854820251,62.8177680969
12.8862466812,33.7677574158,-4.82707881927
31.1215934753,-9.54287528992,32.3716773987
31.0899124146,9.32512283325,32.3716773987
-17.5598468781,50.2010574341,76.1111297607
-17.7649860382,14.4709386826,82.1145858765
-17.7277011871,14.0421257019,85.9739532471
-17.1310253143,-45.9924201965,49.9792823792
12.8862466812,-7.8276052475,2.57365083694
21.4626083374,13.2807064056,-51.2478675842
-17.1310253143,-37.8448753357,58.8468322754
12.8862466812,-38.4108009338,5.78494644165
-17.1310253143,-11.2581501007,66.0532989502
-17.1310253143,-58.428150177,69.5616836548
12.8862466812,-36.4008979797,9.64431095123
-17.1310253143,11.9714765549,76.1111297607
-17.1310253143,-11.2581501007,81.9448471069
21.3285427094,-26.2667827606,-43.1003189087
-16.7022075653,-48.136505127,50.2723731995
-16.7022075653,-40.4177856445,53.2992324829
12.8862466812,21.4018249512,20.793586731
-16.7022075653,-8.56830215454,58.9584007263
8.16924381256,-24.0214672089,20.793586731
21.4626083374,31.1029243469,-36.6680488586
-16.7022075653,60.9696350098,69.2500305176
-16.7022075653,-15.6755065918,71.8229293823
-16.9691314697,52.2069320679,76.1111297607
25.8563709259,20.4743976593,-23.3746814728
21.4626083374,-26.2963733673,-32.3798675537
-16.2733879089,52.2069320679,51.1042556763
31.3233547211,-18.9768733978,47.3803100586
12.8862466812,25.6467819214,46.5226821899
-16.2733879089,7.2995223999,60.2448654175
-16.2733879089,-61.3927116394,64.1042327881
-16.6962585449,10.611579895,67.1059494019
12.8862466812,-29.1431865692,51.2396697998
-16.2733879089,59.0680274963,72.4711990356
-16.2733879089,-13.5565242767,76.9687652588
-16.565776825,11.8980312347,84.258682251
21.220489502,-38.27368927,-23.8035068512
-15.8445692062,40.672870636,52.526134491
12.8862466812,32.9101219177,59.8567428589
27.7405948639,-14.6886959076,23.7953071594
-15.8445692062,-37.8324661255,61.1024932861
31.3254261017,18.4389896393,61.5313034058
-15.8445692062,61.4691810608,67.9635696411
37.909488678,1.17758107185,67.1059494019
26.6847248077,20.9032096863,-24.6611461639
-16.1413478851,11.8980312347,81.256942749
57.2204093933,-3.53942155838,-8.79486656189
-15.4157495499,-44.7059631348,51.0924720764
31.3254261017,-18.5480537415,68.3579788208
-15.4157495499,57.7249107361,55.9566612244
-15.4157495499,-60.3993377686,59.3872146606
-15.4157495499,-38.0494384766,61.9601173401
-15.4157495499,42.8805465698,65.3906707764
-15.622136116,42.3441200256,67.9635696411
-15.7608165741,-46.4212379456,70.536491394
12.8862466812,-7.8276052475,89.4585418701
-15.5461483002,-9.97169399261,82.5434036255
-15.4157495499,-3.53942155838,86.1576004028
-15.1512022018,-9.11405563354,46.0938453674
-15.1558227539,-11.6869630814,48.6667709351
31.2524261475,11.8980312347,76.5399398804
-14.9869375229,-37.416053772,53.3084602356
-14.9869375229,-58.428150177,55.6506080627
-14.9869375229,-60.2477035522,58.9584007263
-15.1916627884,8.46748542786,61.5313034058
13.3150653839,-26.695602417,-52.2024879456
-14.9869375229,41.486492157,67.340713501
-14.9869375229,-44.2771492004,69.3579177856
10.3133382797,14.6392030716,-29.8069591522
-14.9869375229,11.0731735229,78.6840362549
-14.9869375229,-6.11232948303,85.4688720703
-14.8636579514,-9.54287528992,43.0921287537
-14.5581188202,7.0638885498,45.6650314331
-14.9157352448,-10.4005126953,49.0955848694
-14.7664794922,-14.6886959076,50.3820457458
18.0320625305,31.4405384064,1.06795060635
-14.5581188202,2.46403193474,53.8600616455
-14.6203241348,-35.2719650269,56.8143119812
21.4626083374,4.60812044144,5.39810943604
-14.8488397598,9.32512283325,62.3889541626
7.80856657028,32.4812965393,64.5330429077
-14.7517261505,40.6288566589,67.5347595215
21.4626083374,27.6516170502,8.78667354584
6.88279342651,-0.825840473175,89.8333206177
-14.5581188202,-11.6869630814,79.0004348755
13.3150653839,-39.9306182861,-35.8104133606
21.4626083374,23.0473060608,12.4590063095
-14.3560190201,8.03866672516,43.0921287537
-14.4175672531,5.03693914413,44.8074073792
18.8896999359,17.2113189697,80.828125
21.4626083374,-26.1590747833,15.6477651596
21.399564743,-24.9803295135,17.3630390167
28.7525177002,20.2218570709,67.5347595215
10.3133382797,14.2366142273,-28.5205039978
-14.1293001175,38.9226264954,54.6702232361
-14.3746080399,58.639213562,56.8143119812
-14.1293001175,-11.2581501007,60.0766334534
-14.1293001175,10.0396270752,62.8177680969
-14.526591301,41.9153022766,64.9618606567
29.0447540283,8.46748542786,19.9359474182
-14.1684246063,-46.4212379456,69.6788482666
35.1847915649,1.60639381409,76.0311050415
13.3150653839,-23.6357536316,-16.9424133301
8.16924381256,14.0707464218,83.8298721313
-13.8426933289,-5.6835103035,40.9480400085
13.1962471008,-25.5680961609,-13.8025550842
-13.821600914,-3.9682404995,45.2362174988
25.7999343872,-15.1175088882,7.92904233932
-13.8225078583,7.60985326767,49.5243988037
21.4626083374,23.4118824005,46.9514961243
-14.1202898026,-12.5446014404,52.0972938538
31.5169296265,-0.108875826001,22.9376811981
-14.0132465363,-6.54114818573,54.6702232361
-13.9581851959,-34.4143257141,56.8143119812
31.6063308716,-1.82415187359,23.3664951324
-13.7677145004,-35.7007827759,62.3889541626
-13.9180049896,40.2000274658,63.6753883362
-14.0149335861,41.0576667786,65.3906707764
-13.7004804611,10.611579895,67.7614517212
-13.7004804611,-48.136505127,70.017829895
-13.7004804611,46.6323051453,74.6673278809
13.3150653839,9.75394248962,-2.36347675323
25.7507915497,25.9140796661,-47.8173217773
-13.5302734375,-5.25469112396,40.5192260742
-13.2716617584,12.3006696701,42.663318634
-13.2744407654,1.60639381409,46.0938453674
21.4626083374,-16.8327846527,81.404876709
-13.2716617584,50.0628433228,49.547580719
-13.4727058411,-18.9768733978,51.2396697998
13.3150653839,2.89285063744,3.64595103264
-13.4823036194,-6.11232948303,52.9549484253
27.857006073,19.6167602539,45.6650314331
31.507850647,-1.39533269405,25.5105819702
-13.2716617584,9.1049079895,58.1007766724
13.3150653839,30.76603508,11.5863895416
-13.2716617584,62.8892097473,63.2465820312
-13.6374959946,39.7712173462,65.3906707764
-13.2716617584,16.7555866241,67.9635696411
13.3150653839,23.4761257172,17.4726467133
-13.2716617584,55.2086639404,74.5362548828
-13.2716617584,8.01278114319,82.5434036255
21.6215629578,29.0507583618,-50.8190498352
13.3150653839,-21.4057731628,26.368221283
55.7680664062,-6.42202758789,-7.50841712952
25.9815998077,8.46748542786,8.78667354584
-12.8428421021,46.6323051453,49.0366172791
-13.1078062057,-36.1296005249,50.3820457458
-12.8428421021,-45.9924201965,50.8623085022
21.8914260864,28.0520439148,-44.3867759705
36.160369873,-15.1175088882,58.529586792
31.7159748077,-7.39878606796,28.0834846497
-12.8428421021,38.6915512085,55.9566612244
-13.2402296066,9.32512283325,57.6719398499
-12.8520755768,-21.5497817993,59.3872146606
-12.8428421021,-59.1184272766,61.1024932861
-12.8428421021,-17.6904239655,63.0541687012
27.3528385162,27.3354816437,-33.6663246155
-12.8428421021,12.7556686401,67.333480835
-12.8428421021,-18.338640213,69.6788482666
-12.8428421021,55.1050224304,74.3958587646
-12.8428421021,8.95744895935,81.256942749
31.5565986633,-8.68523693085,29.7987594604
26.0905475616,11.8980312347,9.21549224854
-12.4140233994,-17.7730693817,42.663318634
31.5613327026,6.32339668274,30.2275848389
13.3150653839,24.5396842957,70.9653091431
-12.6419754028,4.60812044144,49.9532089233
-12.4140233994,-46.4212379456,50.9124832153
-12.7497739792,8.46748542786,52.0972938538
-12.6725444794,-18.9768733978,53.3837585449
26.1796092987,10.611579895,9.33550167084
21.8914260864,14.3153390884,-25.0899562836
21.704662323,-37.416053772,-24.2323188782
-12.5929145813,-22.4074192047,59.816028595
21.8914260864,14.8997573853,-23.6723651886
-12.6040458679,-16.4039669037,63.6753883362
-12.4678964615,-21.5497817993,66.2483215332
-12.4140233994,61.0374069214,67.9635696411
13.7438840866,-45.9924201965,-53.5090141296
-12.7672119141,54.3510398865,74.8246688843
-12.4140233994,7.98697185516,82.1145858765
41.8460044861,-1.39533269405,1.9255822897
29.6101551056,-4.19288349152,2.3544011116
-11.9852046967,0.319943189621,42.4384460449
-12.0270528793,-20.2633304596,46.0938453674
-12.1742801666,-3.11060237885,48.6667709351
27.7019996643,22.6184864044,56.3855018616
-11.9852046967,51.7781219482,50.4068908691
-12.2424736023,7.18103408813,52.0972938538
-11.9852046967,6.7522149086,53.344909668
21.6784267426,-19.4056911469,-3.22023320198
-12.1091108322,-13.4022397995,55.52784729
-12.1936740875,-19.4056911469,57.2431221008
-12.3579139709,-57.5705108643,59.3872146606
-12.0559988022,-33.1278762817,61.1024932861
-12.0727014542,-23.2650585175,63.2465820312
-11.9852046967,18.6267814636,65.3906707764
21.8914260864,-14.6886959076,0.835422575474
-11.9852046967,41.486492157,69.2932815552
-11.9852046967,47.0611152649,74.0214385986
31.6269950867,15.7573947906,46.5226821899
-11.884098053,-11.2581501007,36.659866333
-11.5563926697,11.469212532,38.231136322
21.7905864716,27.7643013,4.4984960556
-11.8518161774,16.6150341034,46.5226821899
-11.5563926697,-34.8431434631,48.903503418
13.7438840866,-21.7313556671,-32.8086853027
-11.5563926697,53.4515190125,51.6684837341
-11.5563926697,-8.2564239502,52.9571456909
-11.762140274,11.469212532,54.6702232361
13.5978879929,-41.7042350769,-28.0916862488
18.8896999359,10.611579895,85.7049407959
-11.5563926697,38.5650215149,59.816028595
-11.6414804459,-32.6990585327,62.3889541626
13.7438840866,32.6173400879,-23.3746814728
13.7438840866,-41.8493843079,-21.2305927277
-11.796172142,-49.8517799377,67.9635696411
-11.5563926697,58.8143463135,71.3941192627
-11.5563926697,13.2261943817,75.6822967529
10.3133382797,17.0438518524,80.9113998413
36.3326416016,-12.1157827377,65.819480896
31.7542438507,-18.9768733978,66.4475250244
21.8914260864,16.4025821686,24.6529445648
-11.1275730133,-22.1742095947,49.5243988037
17.1744308472,-20.2633304596,30.5411109924
-11.1275730133,16.6150341034,53.2744407654
-11.1275730133,38.3269577026,55.0990371704
-11.1275730133,59.4968528748,56.6828842163
-11.1275730133,-24.1226959229,59.786277771
-11.4545631409,-24.1226959229,62.3889541626
25.321969986,3.75048875809,6.10664606094
-11.1275730133,11.678524971,65.819480896
-11.1583662033,-50.2805976868,67.5347595215
13.3313980103,-39.1313285828,-1.07614433765
13.7438840866,33.6490364075,-0.218506410718
27.8948783875,-20.5450935364,71.3941192627
8.59806251526,35.1576118469,-6.22196006775
13.7438840866,33.3171844482,2.78322029114
21.8914260864,24.0441913605,53.3837585449
-10.7021026611,-32.6990585327,49.0955848694
21.8914260864,24.8519687653,56.8143119812
13.7438840866,-0.537694811821,7.22003269196
13.7438840866,31.1362667084,10.0731306076
-10.6987543106,-23.8719577789,58.1007766724
-10.8312158585,-54.5687828064,61.1024932861
13.7438840866,-31.8283214569,16.0765838623
-10.7195529938,12.3268489838,64.5330429077
-10.6987543106,-51.9958724976,66.2096939087
13.7438840866,-25.4091453552,20.7630996704
-11.0958795547,-17.2616062164,72.6805801392
27.8948783875,-17.6904239655,74.9486083984
-10.9036006927,-0.108875826001,85.9739532471
-10.2699346542,3.60628843307,36.659866333
-10.5799341202,-1.82415187359,39.2327651978
-10.2699346542,18.9429645538,47.3803100586
26.8144836426,10.611579895,13.5036773682
-10.2699346542,53.0645751953,51.4957504272
21.8914260864,-10.829331398,85.3299789429
18.0320625305,21.8567352295,39.6615753174
13.7438840866,25.609210968,46.9514961243
25.2474765778,20.0455780029,6.64258480072
-10.2699346542,39.3423919678,63.5913238525
22.3202457428,-33.5566940308,-53.397769928
-10.3850297928,-21.9785995483,67.5347595215
18.8896999359,-7.8276052475,87.8662338257
-10.2699346542,13.1844873428,75.6697463989
-10.2699346542,2.46403193474,84.8527603149
-9.94042110443,-14.2598772049,36.2310295105
-10.0960655212,0.748762190342,37.9463005066
-9.84111595154,18.5472412109,44.8074073792
-9.84111595154,42.3441200256,48.5433197021
22.3202457428,-35.8312988281,-48.2461395264
-9.84111595154,-50.2805976868,53.802066803
-9.88141727448,-24.9803295135,56.3855018616
-10.0383653641,-30.1261463165,58.9584007263
42.4746932983,-5.44731426239,-4.07787084579
-9.84111595154,-25.1810092926,62.8177680969
-10.2458515167,39.7712173462,64.5330429077
-10.0586338043,-49.4229660034,66.6771316528
8.59806251526,-21.0377655029,23.7953071594
-9.84111595154,50.0628433228,73.4223632812
13.7438840866,-17.6904239655,82.9404907227
-9.50441932678,-0.966513812542,31.9428501129
-9.73692893982,-0.966513812542,34.5157623291
-9.56756401062,1.60639381409,35.8022155762
13.7438840866,8.89630413055,87.5275192261
-9.41229724884,-22.8650245667,47.3803100586
22.3202457428,-35.3329429626,-36.6680488586
-9.80627822876,51.7781219482,51.2396697998
14.0141572952,-45.9924201965,-53.3919563293
14.1726970673,-27.553237915,-53.4908294678
32.1830673218,2.70041942596,31.9428501129
26.1796092987,14.3728542328,28.9411334991
-9.7138671875,15.7573947906,62.8177680969
22.3202457428,-36.1764640808,-31.0934104919
8.59806251526,22.0462017059,40.5192260742
-9.41229724884,58.8032531738,70.9653091431
8.59806251526,23.8639011383,42.663318634
-9.41229724884,-6.46764469147,85.1163024902
-8.98347759247,1.72417867184,30.2275848389
-8.99947834015,3.32166981697,34.0869407654
-8.98347759247,2.89285063744,35.6256141663
25.9459381104,-16.4039669037,31.5140361786
22.3202457428,-29.855594635,-24.2323188782
-9.18428611755,37.6271286011,49.0955848694
-8.98347759247,20.1671199799,51.2396697998
-9.38823890686,35.9118499756,53.3837585449
-8.98347759247,58.639213562,56.0273094177
-8.98347759247,-27.4188556671,58.9584007263
8.59806251526,37.9036560059,49.5243988037
-8.98347759247,61.9643707275,64.5330429077
-8.98347759247,20.3798389435,66.6771316528
-8.98347759247,-18.5822963715,71.3941192627
22.1646595001,17.9014835358,-19.5153217316
-8.98347759247,4.56245851517,84.258682251
14.1726970673,17.2618045807,-38.3833198547
22.3202457428,26.4778499603,-17.5073451996
22.1294956207,18.7591228485,-4.93550252914
-8.55466556549,-18.5480537415,38.970703125
-8.55466556549,-34.8431434631,47.2609939575
8.59806251526,38.2535018921,58.9584007263
22.0926837921,24.3337574005,-3.6490521431
21.9317398071,25.6202144623,-3.22023320198
25.8478469849,14.4709386826,37.9463005066
-8.55466556549,60.8123168945,59.816028595
-8.75360202789,-50.2805976868,63.2465820312
14.1726970673,11.8146686554,-26.3764152527
22.3202457428,-30.1261463165,-0.694450855255
-8.78590297699,55.6374855042,71.8229293823
-8.55466556549,-12.9734201431,78.4896011353
-8.63866043091,-4.82587862015,86.4027633667
-8.12584686279,-41.0565071106,-52.1055030823
-8.47023010254,4.17930793762,30.6564102173
22.3202457428,27.2107582092,3.21203923225
8.59806251526,-29.2148017883,67.5347595215
-8.12584686279,-23.5695228577,47.3803100586
28.3236980438,22.4557666779,-52.1055030823
43.7611579895,-4.33116674423,-4.93550252914
-8.12584686279,55.6374855042,54.0093803406
8.59806251526,-26.9093570709,72.2517700195
14.1726970673,-19.0919361115,-9.22368526459
8.59806251526,-24.3947353363,74.3958587646
-8.49533557892,61.2121162415,66.2483215332
42.4746932983,-5.09240055084,0.210312604904
-8.12584686279,-17.5119228363,73.5382080078
-8.42475891113,-9.11405563354,83.4010238647
-8.51675510406,-3.9682404995,87.6892089844
14.1726970673,-12.9734201431,-3.06031966209
-7.69702720642,5.76403236389,31.5140361786
-7.69702720642,-14.2598772049,34.7657241821
14.1726970673,33.4343109131,1.06795060635
-7.69702720642,34.1965751648,47.1465148926
-8.03773593903,-29.2685108185,49.0955848694
-7.8197517395,20.9032096863,51.2396697998
-7.69702720642,56.9239387512,54.8935127258
39.9017906189,-2.25296449661,-5.97192955017
36.2733039856,2.46403193474,73.967048645
37.1662940979,-12.9734201431,56.8143119812
-7.75189781189,59.9256668091,68.3924102783
39.5520362854,-2.25296449661,-5.79314041138
21.9749298096,-19.4056911469,33.2293128967
-7.96939659119,5.03693914413,84.6874923706
22.3202457428,-18.3837623596,35.8022155762
-7.26820802689,-40.6192245483,-50.3902359009
-7.51390552521,-7.39878606796,32.3716773987
-7.26820802689,-16.4039669037,36.1315383911
-7.26820802689,20.4743976593,44.9016685486
-7.26820802689,41.9153022766,47.7403678894
-7.26820802689,46.6323051453,49.4846038818
22.3202457428,23.1389369965,46.5226821899
-7.26820802689,-50.0333747864,56.8143119812
9.02688217163,22.189666748,-53.1744918823
22.3202457428,24.3759822845,53.8125724792
22.0926132202,24.7625751495,55.9566612244
22.3202457428,25.2867393494,59.3872146606
-7.26820802689,-16.9664363861,74.8246688843
13.9385204315,29.4795722961,49.9532089233
-7.67647743225,5.46575832367,86.8315734863
-6.850669384,-43.3505821228,-52.1034469604
-7.11326646805,1.60639381409,27.6546726227
-6.83938884735,8.84723567963,33.2293128967
13.9950456619,33.3389358521,56.8143119812
-6.95193433762,34.1965751648,46.5226821899
14.0583181381,29.4795722961,60.2448654175
17.1744308472,-29.3658294678,61.5313034058
10.3133382797,32.7227592468,-17.3712348938
-6.83938884735,30.76603508,56.1014328003
-6.83938884735,59.6636314392,60.2448654175
-6.83938884735,-29.6973285675,63.8388671875
-6.83938884735,60.1725311279,66.2483215332
22.3202457428,-6.11232948303,86.5436248779
14.1726970673,19.896987915,78.2552261353
14.1726970673,17.9014835358,79.7307739258
22.4790992737,-29.6973285675,-53.3919563293
22.7490634918,25.6202144623,-53.4950408936
-6.54713487625,2.0352127552,24.6529445648
-6.68242788315,2.46403193474,27.2258586884
14.1726970673,-14.6886959076,85.7323379517
29.5637779236,2.46403193474,15.2189464569
-6.41057062149,-33.5566940308,46.79164505
-6.41057062149,43.201751709,47.9545822144
-6.55613183975,22.6184864044,51.2396697998
14.60151577,-43.8483314514,-53.5064697266
-6.4698433876,25.1913948059,55.9566612244
22.7490634918,-24.5515117645,-46.31199646
-6.44076251984,-47.2788734436,62.8177680969
14.60151577,29.0507583618,-53.1575660706
8.73623085022,-31.4126014709,-43.1003189087
-6.54303884506,-21.120967865,70.9653091431
-6.57856655121,-16.4039669037,78.6840362549
32.3692474365,-8.2564239502,33.2293128967
-6.22176837921,-51.1382331848,-53.3919563293
22.7490634918,-29.5290317535,-40.5274124146
-5.98175144196,-4.82587862015,24.261680603
37.7577018738,0.748762190342,-4.2743601799
22.7490634918,13.9027500153,-39.2409591675
32.4924621582,-1.82415187359,34.0869407654
22.512594223,-34.8431434631,-37.5256881714
-6.08534431458,23.4761257172,49.9532089233
-6.26833820343,25.6202144623,52.526134491
-5.98175144196,56.4951248169,55.8429756165
-5.98175144196,25.6202144623,58.3655738831
-5.98175144196,59.0698013306,61.5313034058
-6.01423120499,22.6184864044,65.3906707764
18.0320625305,-3.9682404995,88.9071960449
-5.98175144196,48.347568512,69.7285842896
-6.35281229019,-16.4039669037,76.9687652588
-6.31007051468,11.8980312347,82.5434036255
22.342502594,-36.1296005249,-30.2357711792
-5.80124950409,-39.1313285828,-51.2478675842
14.60151577,15.5123806,-37.0968704224
14.60151577,15.0735626221,-36.2392311096
-5.55293226242,-8.95123577118,29.3699474335
14.60151577,30.2977466583,-34.5239601135
-5.55293226242,34.1965751648,45.8005752563
-5.93516254425,-40.8466033936,47.8091201782
-5.68904972076,24.3337574005,49.5243988037
32.1977348328,5.46575832367,39.2327651978
14.60151577,32.0017471313,-28.0916862488
22.7490634918,-33.2538833618,-24.6611461639
-5.82836818695,23.0473060608,64.5330429077
22.4807796478,-36.1296005249,-23.8035068512
14.60151577,32.823425293,-22.0882301331
14.4509706497,32.9101219177,-21.2305927277
-5.75456523895,13.1844873428,80.3993148804
-5.55293226242,-8.2564239502,88.6356506348
-5.37178945541,-43.3911857605,-51.7140617371
-5.12411928177,-3.11060237885,19.1779613495
-5.3260717392,-4.82587862015,23.3664951324
-5.12411928177,-9.54287528992,30.6335086823
32.492149353,14.4709386826,46.0938453674
-5.12411928177,34.1965751648,45.7213401794
32.4055938721,15.328576088,47.8091201782
28.2030963898,23.9049434662,-28.9493236542
-5.4462594986,-48.9941444397,55.9566612244
14.60151577,30.0973472595,-10.51014328
14.60151577,-20.2633304596,-9.93199920654
14.60151577,-36.288646698,-8.79486656189
-5.4949889183,50.0628433228,68.8212203979
-5.12411928177,-20.3164234161,74.8246688843
-5.12411928177,13.4303264618,81.256942749
22.5395793915,-28.8396911621,-1.50496351719
14.60151577,-15.3506574631,-5.36432123184
-4.72063016891,-3.11060237885,18.6494922638
-4.97984838486,3.32166981697,22.5088539124
9.02688217163,-42.6579551697,-17.8000526428
18.0958080292,-39.9889602661,-51.6766853333
-4.69530057907,33.3389358521,45.9152107239
-4.69530057907,-26.695602417,47.5135002136
-4.69530057907,-48.136505127,50.9483680725
22.5145492554,8.89630413055,4.06967687607
22.7490634918,-12.1157827377,4.41796445847
-4.76311016083,-42.1330566406,65.819480896
50.1934204102,-5.6835103035,-5.99323987961
22.4288234711,-10.4005126953,5.78494644165
-5.05165195465,15.328576088,76.5399398804
14.60151577,30.6477966309,11.35958004
-4.26648187637,-50.2805976868,-53.6897354126
-4.6630320549,-50.2805976868,-49.9614105225
-4.57757997513,-0.108875826001,16.9342212677
29.4034690857,17.9014835358,-38.8121414185
-4.26648187637,9.19573307037,30.6564102173
-4.26648187637,17.9474391937,38.3751373291
-4.26648187637,31.1948490143,45.7580718994
-4.26648187637,-39.5601463318,47.4770774841
18.8896999359,8.89630413055,2.26608014107
14.60151577,18.864900589,31.5140361786
9.02688217163,-17.6904239655,-5.15447092056
14.60151577,19.5215072632,37.0886764526
-4.26648187637,53.493396759,67.7178955078
-4.26648187637,-22.0649852753,73.967048645
28.3236980438,3.75760054588,9.64431095123
29.1813373566,18.8613147736,70.1076812744
-3.98614144325,-43.2537269592,-51.6811561584
-3.88324785233,-2.25296449661,14.7901268005
32.331451416,6.7522149086,78.6840362549
-3.83766245842,9.22698116302,30.2275848389
-3.83766245842,17.9014835358,38.2279930115
22.7490634918,16.8950328827,31.9428501129
14.4116601944,30.3372097015,58.9584007263
-4.23604011536,50.9204864502,54.6702232361
-4.03714227676,35.9118499756,61.9601173401
22.7490634918,19.6167602539,39.1816978455
-3.99753141403,45.7746696472,66.6771316528
-3.83766245842,-25.1581020355,69.6788482666
8.82402229309,-8.68523693085,4.06967687607
33.0407028198,-5.83916139603,0.639131605625
9.02688217163,-7.39878606796,4.65163660049
22.7490634918,23.7218284607,49.5243988037
-3.71530294418,-1.39533269405,12.6460390091
9.02688217163,-4.88626289368,5.78494644165
33.0407028198,1.08135581017,7.50022315979
37.7577018738,2.77525782585,-0.647325396538
-3.69566679001,34.6254005432,45.2362174988
22.7490634918,24.5324440002,64.1042327881
14.60151577,6.62123537064,88.1180419922
-3.40884375572,-48.7262115479,58.9584007263
44.1899719238,-3.11060237885,1.04074251652
-3.78863954544,-39.1313285828,65.819480896
-3.40884375572,56.7500038147,66.6771316528
-3.53256464005,17.0438518524,72.6805801392
-3.40884375572,13.3413467407,81.256942749
15.0303344727,19.6167602539,-53.0781364441
14.694393158,-45.1347808838,-52.5343208313
22.7490634918,14.0421257019,81.3328018188
36.4946365356,6.32339668274,47.3803100586
-3.35725808144,2.46403193474,15.2189464569
-2.98002457619,-8.93726062775,25.5105819702
-2.98002457619,-14.8533258438,33.6581230164
26.6084289551,12.8872489929,-48.6749610901
-3.25726270676,24.3337574005,46.5226821899
-2.98002457619,-47.2788734436,51.4893112183
-2.98002457619,-48.565322876,59.6996803284
-3.2739276886,26.0490341187,63.6753883362
-3.24011206627,48.347568512,65.3906707764
-2.98002457619,54.3510398865,66.672454834
-3.39209580421,17.9014835358,73.1093902588
-2.98002457619,14.4709386826,80.0607452393
-2.98002457619,2.36328887939,88.5468597412
-2.55120563507,26.7506732941,-52.5343208313
-2.65389752388,25.1913948059,-49.9614105225
-2.68431973457,-36.9872360229,-10.9389619827
15.0303344727,18.3303050995,-40.4654388428
-2.55120563507,-32.6990585327,-3.347417593
17.1744308472,-13.8310575485,85.6677780151
-2.93268179893,1.17758107185,12.6460390091
-2.84686589241,5.03693914413,22.0800304413
15.0303344727,13.9604253769,-34.5239601135
-2.55120563507,-20.5135974884,37.9463005066
22.8222789764,-29.6973285675,-40.9562301636
27.0372409821,4.70500421524,10.5019493103
-2.62434411049,48.7763938904,55.52784729
28.3236980438,-11.2581501007,18.3343486786
9.02688217163,-27.553237915,44.9954986572
35.6136016846,-0.108875826001,48.5837783813
-2.55120563507,19.0126533508,69.2500305176
-2.55120563507,18.7591228485,75.7769699097
-2.55120563507,9.46989822388,85.1163024902
-2.12239313126,34.8748970032,-53.8207740784
-2.12239313126,-36.7031402588,-51.6766853333
23.1121253967,-31.4126014709,-34.5239601135
-2.22966647148,-40.4177856445,-8.79486656189
-2.15290474892,-32.6990585327,-6.65077877045
-2.49165177345,27.7643013,-5.79314041138
-2.1349234581,-34.8431434631,-4.07787084579
-2.38514518738,-32.6990585327,-2.79141378403
-2.12239313126,-26.695602417,-1.75115942955
-2.46841812134,24.7625751495,-0.647325396538
-2.30937385559,21.760848999,0.639131605625
-2.27794837952,-28.8396911621,1.9255822897
-2.12239313126,-26.695602417,4.0820608139
-2.12239313126,3.87366652489,16.9342212677
53.2658729553,-2.68178367615,-8.36604881287
-2.12239313126,11.8980312347,31.723815918
32.7051124573,11.469212532,41.8056640625
14.8646202087,-22.8362388611,-10.51014328
18.7785148621,17.9014835358,-10.51014328
-2.12239313126,48.8837814331,57.2431221008
10.3133382797,33.3389358521,-9.25479793549
9.02688217163,-37.4679908752,56.8143119812
23.0316524506,-33.9855117798,-26.3764152527
22.9831466675,-33.5566940308,-25.9475955963
10.7421512604,26.4778499603,-53.1073799133
35.502155304,-15.5463275909,49.9532089233
-1.69357395172,36.9317245483,-52.9631347656
-1.64451265335,28.013628006,-50.4197769165
18.4608802795,-23.3579730988,-31.9510478973
-1.69357395172,25.3456859589,-9.65250492096
-1.97438406944,-40.4177856445,-7.50841712952
-1.97261404991,22.189666748,-6.22196006775
-1.80405521393,-26.695602417,-4.50669002533
-1.90752029419,-25.4091453552,-1.93377614021
-1.85272693634,-23.6938762665,0.210312604904
-1.88744330406,20.4743976593,1.9255822897
-2.03242349625,-25.4091453552,3.21203923225
-1.78686642647,-30.9837837219,4.4984960556
-1.69357395172,-27.9820556641,5.76793050766
-1.69357395172,3.32166981697,14.0215320587
-1.76347303391,-9.54287528992,20.3647689819
-1.98011577129,-10.829331398,24.2241325378
-1.69357395172,-14.8667573929,32.3716773987
15.0303344727,-36.1296005249,10.2044115067
-1.69357395172,-34.4143257141,45.7279853821
9.02688217163,22.8143882751,73.5382080078
-2.07232832909,52.635761261,58.9584007263
-1.69357395172,37.6271286011,62.2443389893
-1.87754535675,-43.4195098877,63.6753883362
-1.69357395172,-40.8466033936,65.1650009155
-1.69357395172,-25.4916954041,70.9653091431
14.9933052063,19.6167602539,22.9376811981
-1.69357395172,6.32339668274,87.9247131348
35.6069488525,11.8980312347,51.6684837341
-1.2647550106,-35.7007827759,-50.5350227356
15.0303344727,18.6278686523,33.2293128967
-1.59439015388,30.76603508,-13.5118703842
-1.40455305576,26.4778499603,-10.51014328
-1.52672767639,-31.4126014709,-8.36604881287
23.1778850555,-4.34694337845,6.21376609802
-1.50099563599,-36.5584182739,-2.79141378403
-1.68597006798,18.3303050995,-0.218506410718
18.4608802795,-23.2693195343,-25.9475955963
-1.63401389122,24.7625751495,4.4984960556
-1.5856487751,22.189666748,5.78494644165
-1.3696706295,-25.4091453552,7.50022315979
23.0055885315,-29.6973285675,10.930768013
-1.58528447151,5.03693914413,17.3630390167
-1.4686627388,-11.2581501007,21.2224006653
22.7778568268,-28.8396911621,13.0748577118
17.6032428741,-24.9803295135,-53.3430671692
-1.38561975956,29.0507583618,45.2362174988
22.8907718658,-23.2650585175,16.9342212677
26.6084289551,27.9671993256,-26.3764152527
-1.60718917847,47.489944458,61.1024932861
-1.2647550106,44.2555122375,62.8177680969
-1.2647550106,27.3354816437,64.262550354
18.4608802795,13.2780485153,-23.8035068512
23.1778850555,15.0716581345,22.9376811981
-1.2647550106,4.60812044144,88.1777267456
23.1778850555,15.8994998932,24.6529445648
-0.839420497417,-41.4335250854,-50.1726951599
15.0303344727,17.0438518524,80.7435760498
-1.19947588444,28.1931190491,-14.3695087433
15.0303344727,-15.5463275909,84.2752151489
-0.835936009884,-30.9837360382,-10.0813236237
-1.04590141773,-41.2754211426,-7.07959794998
15.0303344727,-11.2581501007,86.8331069946
9.45570087433,-28.935092926,-51.2478675842
26.6084289551,23.4761257172,-23.8828754425
23.1778850555,-23.7866954803,43.520942688
-0.835936009884,-21.7646350861,7.07140398026
-1.08019602299,-25.8379650116,8.78667354584
23.1778850555,-26.3627815247,49.5243988037
-1.08677756786,-10.829331398,17.7918605804
-1.19581449032,-12.5446014404,21.6512184143
39.1298942566,1.60639381409,54.2414131165
15.459154129,16.6150341034,-52.9330940247
-0.835936009884,-26.2667827606,45.5292053223
33.3687973022,-2.68178367615,30.6564102173
-1.16499602795,-47.7076911926,58.9584007263
19.3185176849,14.805059433,-45.6732330322
-0.835936009884,-29.6973285675,66.0279464722
-0.835936009884,19.6167602539,74.6007919312
-0.835936009884,11.8980312347,83.7089996338
23.1778850555,21.0341129303,72.6805801392
-0.407117009163,23.6550235748,-51.6766853333
33.1750984192,6.7522149086,33.2293128967
9.45570087433,-44.2771492004,-44.2577438354
-0.438203841448,-35.7007827759,-16.9424133301
-0.583816587925,-34.4143257141,-14.7983217239
-0.520754754543,23.9049434662,-12.6542320251
-0.55094063282,22.189666748,-10.51014328
15.459154129,-23.1631011963,-40.0985908508
-0.644961416721,31.1948490143,-4.93550252914
-0.609018325806,-21.5497817993,-1.50496351719
23.1778850555,-6.54114818573,86.0824279785
33.0810585022,-6.11232948303,37.0886764526
33.2826919556,-3.53942155838,37.9463005066
-0.502645790577,22.189666748,7.92904233932
-0.508058130741,20.0455780029,9.21549224854
29.1813373566,-21.9785995483,66.3503494263
15.459154129,12.9453582764,-32.3798675537
15.459154129,12.7963533401,-31.9510478973
25.321969986,19.2874908447,39.2327651978
9.45570087433,-38.3827323914,-38.3833198547
15.459154129,-22.1606731415,-27.6628723145
-0.407117009163,-34.8431434631,45.8221206665
9.45570087433,-39.3187217712,-35.8104133606
23.6067028046,-34.1937942505,-48.2461395264
9.33514308929,25.1913948059,-33.6663246155
23.6067028046,28.1110172272,-46.5308647156
18.8896999359,-10.9314031601,1.06795060635
17.6032428741,-23.6173191071,-52.1055030823
0.0309042725712,-49.8670005798,-52.5546379089
18.8896999359,-27.553237915,-8.16613483429
-0.332042217255,26.0490341187,-48.2461395264
-0.113124653697,-32.6990585327,-18.6576843262
23.6067028046,28.6219406128,-40.4852218628
0.0217019878328,-40.8466033936,-14.0298347473
-0.161476925015,21.3320293427,-11.3677749634
0.0217019878328,-41.9834938049,-7.93723583221
0.0217019878328,-39.1313285828,-4.28620052338
0.0217019878328,-37.7614822388,-0.647325396538
10.3133382797,34.4373435974,-5.36432123184
15.1043806076,-35.7007827759,-8.79486656189
0.0217019878328,-4.82587862015,7.43583202362
-0.123393200338,-20.2633304596,9.21549224854
-0.1534576267,19.6167602539,10.0731306076
-0.0678011775017,3.32166981697,11.78840065
-0.237510219216,11.8980312347,14.3613138199
-0.249702125788,-14.2598772049,19.5071296692
23.3913822174,20.9032096863,-18.6576843262
10.7421512604,17.4726715088,-33.9637641907
9.45570087433,-20.9726142883,-22.5170497894
26.3010826111,10.611579895,9.64431095123
-0.317492455244,-46.4212379456,58.529586792
0.0217019878328,34.1965751648,63.6502876282
17.6032428741,32.9143791199,-49.9614105225
15.459154129,-37.8575668335,3.64085841179
0.0217019878328,-10.0637207031,87.6892089844
15.459154129,1.04943192005,5.35612773895
0.450520992279,-33.8138694763,-50.8190498352
15.0779333115,32.052482605,7.07140398026
0.260536819696,-34.8431434631,-21.2305927277
0.259469717741,27.3354816437,-17.8000526428
0.422910273075,-30.5549640656,-14.7983217239
0.210727646947,20.4743976593,-11.3677749634
0.450520992279,17.3253269196,-7.07959794998
35.4968833923,13.6133069992,57.2431221008
26.2439994812,-15.9751472473,10.5019493103
0.450520992279,12.5736341476,4.4984960556
9.45570087433,32.7080764771,-13.9406890869
35.5453186035,-15.9751472473,57.6719398499
0.213647842407,17.4726715088,9.64431095123
0.233124226332,21.3320293427,10.5019493103
15.459154129,-19.9257202148,34.0869407654
23.6067028046,2.46403193474,5.49236631393
28.2781715393,22.189666748,56.8143119812
0.450520992279,10.1397504807,22.9376811981
33.4695167542,12.6419286728,71.8229293823
0.450520992279,-24.742647171,43.0921287537
0.450520992279,40.6288566589,45.8941993713
23.6067028046,-9.54287528992,8.01150989532
0.450520992279,41.0576667786,62.7685165405
36.7329025269,-14.6886959076,60.2448654175
0.450520992279,-24.1226959229,73.5669403076
0.450520992279,10.611579895,84.2257843018
0.879339993,34.6254005432,-53.8795471191
0.879339993,30.8897190094,-52.1055030823
23.2660522461,18.3303050995,13.0748577118
33.2546424866,-7.8276052475,77.826385498
0.461236834526,-30.1261463165,-19.5153217316
0.548062682152,25.6202144623,-17.3712348938
19.3185176849,-37.849407196,-41.8138656616
38.8171730042,-1.39533269405,49.9532089233
0.879339993,-21.9785995483,-5.06830358505
0.660345733166,-18.9768733978,-0.647325396538
15.459154129,21.5466575623,76.5399398804
0.879339993,-1.82415187359,5.91570329666
0.879339993,-5.6835103035,7.90686941147
9.45570087433,34.7771453857,1.06795060635
0.560618758202,14.8997573853,10.0731306076
0.879339993,4.60812044144,10.7478132248
0.496119230986,-23.6938762665,11.78840065
0.879339993,18.3139591217,12.2172193527
0.720806896687,-18.1192378998,14.3613138199
0.879339993,14.8997573853,17.8855667114
33.8983345032,-5.09526968002,4.4984960556
0.879339993,-18.5480537415,34.6754226685
0.879339993,29.4795722961,44.5694999695
15.459154129,1.17758107185,89.1207199097
23.6067028046,21.5852012634,44.8074073792
0.554177820683,-39.9889602661,64.5330429077
0.689144968987,23.0473060608,69.6788482666
15.8879728317,17.0438518524,-53.2388877869
0.879339993,-8.68523693085,88.6879425049
1.30815255642,-34.4143257141,-53.2362518311
33.7905769348,-4.39705991745,33.2293128967
0.978683531284,25.1913948059,-47.8173217773
23.6067028046,24.8761234283,59.816028595
15.6694717407,16.186214447,-51.2478675842
15.8879728317,-43.5254669189,-50.3902359009
25.321969986,-25.3608570099,53.8125724792
26.5066947937,11.469212532,13.5036773682
23.2210102081,23.0473060608,69.2500305176
0.98779553175,-38.7025108337,-0.647325396538
15.8879728317,-41.7042350769,-44.9145965576
36.9000663757,9.75394248962,62.5315551758
1.2114161253,1.17758107185,7.92904233932
23.6067028046,-19.8345108032,76.8984985352
1.00463926792,-8.2564239502,10.5019493103
23.6067028046,16.9095954895,79.1128463745
1.08390581608,-17.2616062164,17.7918605804
23.6067028046,-14.7354383469,81.6857528687
1.27343630791,-17.2616062164,33.2293128967
51.4798736572,-2.25296449661,-1.7323795557
1.30815255642,-28.4108753204,46.3044548035
28.1813526154,-20.692150116,70.9653091431
33.6313400269,3.75048875809,40.9480400085
1.30815255642,-27.4934196472,68.3924102783
1.30815255642,-19.4056911469,77.3075790405
24.0355167389,-27.9820556641,-53.6471061707
1.73697161674,32.052482605,-53.6168289185
15.8879728317,-41.5556602478,-28.0916862488
1.44689035416,-41.2337493896,-47.7719802856
17.6032428741,-24.3580780029,-42.6715049744
15.8879728317,33.076171875,-24.6611461639
35.6019096375,-16.8327846527,60.6736755371
1.59818959236,-28.8396911621,-17.8000526428
38.8876800537,3.32166981697,53.8125724792
1.73697161674,-25.4091453552,-8.69179153442
28.3236980438,17.9014835358,73.0731506348
1.3190600872,-38.7025108337,1.06795060635
1.44686424732,-15.5463275909,4.92730903625
1.46468567848,8.89630413055,7.07140398026
1.73697161674,-31.8414173126,9.1677532196
1.55764579773,24.7625751495,10.5019493103
1.33091974258,17.0438518524,13.9324951172
1.53873813152,14.8997573853,19.5071296692
1.73697161674,12.5525522232,27.6546726227
1.73697161674,18.9701042175,36.659866333
15.8879728317,-24.5515117645,-10.8207626343
1.73697161674,43.9996871948,48.2379608154
9.45570087433,37.2945213318,49.0955848694
1.73697161674,29.9083957672,64.6890106201
1.73697161674,23.4761257172,71.2469711304
1.73697161674,-17.6904239655,79.3064575195
1.73697161674,5.8945775032,88.4727630615
1.75095903873,-43.8483314514,-52.9631347656
2.16579055786,22.3541049957,-50.3902359009
10.3133382797,8.23182582855,-0.218506410718
51.9086952209,-6.53739738464,-5.36432123184
1.8950574398,-30.9837837219,-24.2323188782
38.9800643921,-5.25469112396,55.0990371704
2.16579055786,33.9924430847,-16.084777832
10.3133382797,8.03866672516,0.117882862687
23.6901988983,-18.5480537415,-0.218506410718
17.6032428741,29.6420021057,-39.6697731018
15.8879728317,-7.8276052475,2.71019673347
1.91106414795,7.60985326767,6.64258480072
1.89831626415,-12.1157827377,8.78667354584
2.16579055786,-28.4108753204,11.7802972794
2.09379553795,-20.692150116,16.0765838623
15.8879728317,31.1091976166,8.35785388947
2.16579055786,14.780880928,31.5140361786
2.16579055786,21.4735393524,41.3768539429
2.16579055786,38.3205566406,46.0938453674
15.625374794,25.1913948059,15.6477651596
9.07212257385,-27.9820556641,70.9653091431
2.16579055786,-27.8997154236,67.9635696411
2.16579055786,17.9014835358,75.8252258301
2.16579055786,-11.6869630814,85.8543624878
2.5946097374,-35.2719650269,-53.7866706848
2.58292078972,27.0152778625,-51.7414779663
2.5946097374,34.6090278625,-49.1037788391
15.8879728317,-20.692150116,32.6658287048
24.0111713409,-29.6973285675,7.50022315979
18.4608802795,9.75394248962,0.365510195494
15.8879728317,-23.2650585175,40.3011016846
2.5946097374,34.0948600769,-16.084777832
23.7068061829,-29.2685108185,9.64431095123
24.0355167389,17.8859634399,10.0731306076
2.5946097374,-39.5326309204,-0.218506410718
2.3298895359,30.3372097015,4.92730903625
24.0355167389,17.2840538025,11.78840065
10.7421512604,31.1948490143,-45.9909324646
18.4608802795,8.89630413055,2.14147734642
24.0355167389,-22.9163990021,14.7901268005
2.5946097374,13.3616790771,28.0834846497
27.0372409821,-14.2598772049,14.354432106
33.8983345032,2.0352127552,78.4020385742
15.8879728317,24.9579849243,70.536491394
33.8983345032,-0.108875826001,78.7153167725
2.5946097374,-33.9855117798,65.7943267822
2.5946097374,-26.2667827606,72.4788131714
2.5946097374,-15.9751472473,81.1425857544
2.5946097374,3.75048875809,88.9760284424
3.02342867851,24.7625751495,-53.1150093079
2.72653508186,35.0542106628,-50.8190498352
34.3271484375,-5.73725557327,2.78322029114
2.9219827652,-30.9837837219,-29.8069591522
2.68214464188,-36.9872360229,-26.8052330017
2.85703587532,26.9066696167,-23.3746814728
15.8879728317,-7.8276052475,88.3724365234
24.0355167389,20.6257801056,42.663318634
2.82404470444,-25.4091453552,-10.0813236237
3.02342867851,33.9075241089,-4.93550252914
9.8845205307,-42.1330566406,-52.8234634399
3.02342867851,-3.11060237885,5.29068899155
3.02342867851,1.17758107185,7.47110462189
2.68599772453,-30.1261463165,11.78840065
34.2392044067,-1.82415187359,40.9480400085
2.93891572952,-16.8327846527,22.9376811981
9.47788715363,-28.8396911621,-49.5325965881
16.0479812622,-42.9906921387,-49.1037788391
3.02342867851,39.3423919678,46.7794799805
9.8845205307,36.3406639099,-48.3326301575
3.02342867851,29.4742107391,64.9618606567
3.02342867851,23.0473060608,71.1341781616
16.3167934418,16.3483505249,-44.8155937195
3.02342867851,5.03693914413,88.6753463745
3.08255434036,-32.6990585327,-52.9631347656
24.0355167389,20.6565475464,73.5382080078
38.9169197083,3.75048875809,57.6719398499
3.40657281876,-40.8466033936,-45.2444114685
3.17716312408,-31.8414173126,-28.5205039978
3.17471575737,26.0490341187,-24.6611461639
16.3167934418,29.3611793518,-37.9545021057
9.8845205307,28.1931190491,-44.2098693848
16.3167934418,-40.295085907,-34.5239601135
7.31161212921,-52.8535118103,-50.4347877502
3.45224761963,-39.8984031677,-1.50496351719
18.4608802795,29.736700058,7.92904233932
16.3167934418,32.5776443481,-28.9493236542
3.15606355667,26.9066696167,10.5019493103
24.0355167389,2.0352127552,86.4984359741
24.4643344879,24.3337574005,-53.5485610962
3.45224761963,-17.6020965576,31.0852241516
3.45224761963,22.189666748,41.5936508179
3.45224761963,38.4847640991,46.1602745056
3.45224761963,45.6619377136,54.2414131165
33.9643554688,13.6133069992,49.0955848694
33.982170105,-18.1192378998,50.3820457458
3.45224761963,16.6150341034,77.5107269287
9.8845205307,18.7261505127,-33.6663246155
3.88106656075,29.9083957672,-53.5348243713
3.69506120682,27.7551498413,-52.1020812988
44.1899719238,1.36341190338,-3.22023320198
24.4643344879,13.4933433533,-46.1020507812
3.88106656075,-32.8991012573,-30.664598465
17.6032428741,-41.006149292,-27.234046936
3.7744576931,-39.9889602661,-23.3746814728
29.1813373566,21.9685764313,-52.5343208313
3.88106656075,18.9782752991,-14.3695087433
3.88106656075,-22.936788559,-8.36604881287
3.6258225441,-40.4177856445,-3.22023320198
3.77080273628,-39.5601463318,1.49676966667
3.88106656075,5.8945775032,5.13785505295
26.6084289551,22.5960655212,51.2396697998
9.8845205307,14.6918821335,-28.9493236542
3.79640698433,-20.692150116,20.3647689819
28.5769424438,22.189666748,-45.2444114685
9.8845205307,-20.4691486359,-26.8052330017
3.88106656075,36.3406639099,45.8648071289
16.3167934418,-12.5446014404,-2.2006752491
24.4643344879,26.0490341187,-19.2802333832
3.88106656075,26.4778499603,67.5168151855
36.75157547,-0.108875826001,73.1093902588
3.88106656075,10.4481840134,85.5451126099
4.30987930298,-43.4195098877,-53.5561637878
4.30987930298,20.2135429382,-52.5343208313
29.1813373566,-20.5813560486,45.2362174988
4.30987930298,24.5133247375,-46.9596862793
18.8896999359,14.6551399231,-47.8173217773
4.08346652985,-38.27368927,-28.5205039978
4.14422798157,-39.5601463318,-25.0899562836
4.1875705719,20.9032096863,-21.2305927277
4.30987930298,33.8673667908,-16.5135974884
18.4608802795,19.8434352875,19.9359474182
4.30987930298,-40.501914978,-4.93550252914
9.8845205307,32.8562545776,-16.9424133301
24.1404762268,12.7556686401,5.35612773895
4.30987930298,-5.6835103035,6.77251672745
9.8845205307,-24.3113536835,-13.9406890869
3.99910068512,-21.5497817993,19.5071296692
4.30987930298,-16.5787181854,27.6546726227
4.30987930298,-22.8362388611,38.2407188416
17.6032428741,33.303024292,-22.9458694458
4.30987930298,-41.0835838318,51.6684837341
3.91927814484,41.486492157,61.1024932861
4.30987930298,-29.6973285675,65.4533157349
4.30987930298,20.0455780029,74.9038009644
24.2237167358,22.189666748,8.78667354584
4.30987930298,1.17758107185,89.765914917
4.73869800568,27.3354816437,-53.1725006104
4.76685285568,33.9321937561,-49.9766998291
4.73869800568,29.4795722961,-47.1845092773
15.974486351,28.1931190491,55.0990371704
16.3167934418,-29.8410682678,56.8143119812
4.54397296906,-39.9889602661,-26.3764152527
24.1139011383,-22.8362388611,14.3613138199
4.73869800568,-24.4191837311,-17.8000526428
9.8845205307,-17.2600135803,-5.36432123184
4.73869800568,-20.7247505188,-6.22196006775
24.3195018768,14.8997573853,20.3647689819
4.73869800568,7.18103408813,4.35149049759
4.35864067078,-7.8276052475,7.07140398026
24.4643344879,15.1758527756,24.6529445648
34.7559700012,1.60639381409,5.53995847702
4.73869800568,14.6245641708,28.0834846497
4.73869800568,21.3140087128,39.6615753174
4.73869800568,37.198299408,46.3637809753
4.73869800568,45.4069137573,52.9549484253
16.3167934418,5.46575832367,87.5247039795
34.7559700012,-7.8276052475,41.5983505249
41.188243866,-5.25469112396,0.430399507284
16.3167934418,-1.82415187359,89.1798629761
34.4154052734,-4.82587862015,42.2344779968
9.8845205307,5.46575832367,2.90540146828
16.7456111908,-30.1261463165,-53.0555992126
16.7456111908,18.3303050995,-53.0996818542
34.5406494141,-4.39705991745,42.663318634
4.88500070572,-24.5515117645,-29.8069591522
9.8845205307,1.17758107185,4.75571537018
9.8845205307,33.5465164185,5.35612773895
5.16751718521,-25.7077827454,-16.084777832
24.4643344879,24.3337574005,60.644821167
5.16751718521,-40.9291572571,-3.6490521431
34.4613304138,1.17758107185,43.0921287537
9.8845205307,31.6741008759,9.21549224854
34.7559700012,-1.86008214951,43.520942688
34.7559700012,8.27932167053,43.520942688
35.6136016846,-9.33713340759,70.536491394
5.16751718521,-20.2633304596,35.431842804
5.16751718521,-27.553237915,45.0387191772
16.7456111908,-39.7448501587,-41.3850440979
9.8845205307,-30.5549640656,16.0078544617
16.7456111908,15.4475488663,-39.2409591675
34.7131233215,2.46403193474,44.8074073792
9.8845205307,23.4761257172,17.7660446167
28.502494812,19.1879425049,-32.3798675537
29.1813373566,-21.3265323639,47.8091201782
5.59633636475,19.55052948,-52.1055030823
5.37125778198,-46.8219604492,-48.1837654114
5.59633636475,23.9049434662,-45.4087944031
16.7456111908,12.1753139496,-29.8069591522
5.59633636475,28.1379680634,-28.0916862488
16.7456111908,33.0669937134,-26.3764152527
5.59633636475,-22.9532871246,-19.5153217316
5.59633636475,-25.127286911,-13.0830516815
5.58333301544,14.4709386826,-7.07959794998
5.59633636475,11.0403995514,-1.5517565012
24.8931522369,25.6455173492,-52.1055030823
24.6954936981,26.0490341187,-51.2478675842
5.59633636475,26.0490341187,13.8364543915
5.21149253845,-21.5497817993,21.2224006653
5.59633636475,-17.9786472321,30.6564102173
9.8845205307,22.189666748,40.4193916321
5.59633636475,-32.6990585327,47.0080070496
5.59633636475,43.942150116,53.3837585449
24.6369781494,-27.1244182587,-46.5308647156
5.59633636475,31.6236724854,64.9826889038
5.59633636475,20.9032096863,74.4246673584
24.8931522369,27.0943851471,-42.6715049744
16.7456111908,16.6150341034,-11.2925977707
6.02515554428,-37.416053772,-53.0829772949
6.02515554428,19.30443573,-50.8190498352
6.02515554428,26.9066696167,-47.1388053894
6.01270151138,-38.27368927,-43.9579582214
16.4979324341,-33.9855117798,-8.36604881287
5.80975246429,23.9049434662,-28.9493236542
5.75124025345,-41.2754211426,-25.9475955963
6.02515554428,-42.409778595,-22.0882301331
27.0372409821,21.2481040955,-53.3919563293
34.5869750977,14.4709386826,65.3906707764
6.02515554428,34.853313446,-4.50669002533
24.8931522369,27.7643013,-20.8204078674
5.95440673828,-9.11405563354,5.78494644165
6.02515554428,-33.9855117798,11.5541782379
24.5787448883,-20.2633304596,0.639131605625
6.02515554428,15.3898353577,25.9393959045
9.8845205307,-36.3515014648,57.6719398499
34.6718635559,10.611579895,69.2500305176
16.3284740448,-37.416053772,4.4984960556
6.02515554428,-39.880241394,59.816028595
28.5597400665,-0.108875826001,1.49676966667
16.5505981445,-2.25296449661,7.07140398026
37.0324516296,10.611579895,61.1024932861
6.02515554428,0.748762190342,89.7239990234
16.6111354828,29.0507583618,12.2172193527
19.3185176849,33.0012664795,-28.0916862488
6.33195877075,-50.2805976868,-47.8173217773
6.88279342651,31.1948490143,64.904045105
6.0809264183,-29.6973285675,-36.6680488586
6.06124544144,-37.416053772,-32.3798675537
6.32578659058,22.6184864044,-28.0916862488
9.8845205307,-29.6973285675,67.6394805908
18.4608802795,25.683971405,65.3906707764
6.45397424698,-41.7683029175,-11.7965946198
6.45397424698,34.9999465942,-6.22196006775
16.7456111908,18.7343292236,36.2310295105
6.45397424698,4.17930793762,4.27245378494
6.45397424698,-36.1296005249,9.61691188812
24.8303966522,16.186214447,7.50022315979
6.45397424698,16.186214447,24.5024757385
6.45397424698,-21.5497817993,36.4432220459
24.581287384,-28.4108753204,8.35785388947
6.45397424698,-39.6243438721,51.6684837341
16.5416526794,27.3354816437,53.8125724792
16.7456111908,-29.6973285675,56.3242835999
24.5887718201,21.3320293427,9.21549224854
16.4142971039,-30.1261463165,60.2448654175
6.45397424698,4.60812044144,89.4957504272
6.88279342651,-37.8448753357,-53.0005187988
6.88279342651,-53.1919364929,-51.2478675842
6.88279342651,-48.136505127,-47.4355201721
6.88279342651,25.1913948059,-45.0097084045
18.4608802795,23.1700611115,72.6805801392
6.88279342651,-23.9835567474,-32.3798675537
6.88279342651,22.6184864044,-29.2000179291
6.88279342651,31.3348884583,-25.5187778473
9.8845205307,-11.2581501007,87.8611755371
6.88279342651,15.99908638,-12.2254133224
9.8845205307,7.60985326767,88.5791931152
24.8931522369,14.3811674118,23.3664951324
6.88279342651,2.37635612488,4.92730903625
6.88279342651,-35.1411094666,10.5019493103
16.7456111908,7.18103408813,87.3601531982
6.88279342651,-18.4943599701,25.9393959045
24.8931522369,-17.0210056305,35.3734016418
6.84970664978,34.1965751648,45.6650314331
34.8343772888,-2.25296449661,43.520942688
4.45741081238,-47.2418441772,-48.9123153687
-29.4773254395,52.6586799622,85.0955963135
